﻿;;;;;;Variação do Volume Médio Mensal - VMDm;;;;;;;
UF;BR;Km;Ano;Latitude;Longitude
SP;116;431,9;2025;-24,41488889;-47,75951667
;;;;;;Classes PNCT;;;;;;;
Mês;Sentido;Nº de Dias;VMDm;(A) Ônibus/Caminhão de 2 eixos;(B) Ônibus/Caminhão de 3 eixos;(C) Caminhão de 4 eixos;(D) Caminhão de 5 eixos;(E) Caminhão de 6 eixos;(F) Caminhão de 7 eixos;(G) Caminhão de 8 eixos;(H) Caminhão de 9 eixos;(I) Passeio;(J) Motocicleta;(L) Indefinido
;C;28;13031;1128;1533;1431;921;1391;360;11;142;5735;209;170
;D;28;12390;884;1199;1243;878;1779;477;17;299;5300;170;144
Fevereiro;Total;28;25421;2012;2732;2674;1799;3170;837;28;441;11035;379;314
;C;31;12488;1015;1406;1351;887;1381;408;11;159;5493;211;166
;D;31;9171;583;711;769;545;1271;362;7;219;4431;163;110
Março;Total;31;21659;1598;2117;2120;1432;2652;770;18;378;9924;374;276
