﻿;;;;;;Variação do Volume Médio Mensal - VMDm;;;;;;;
UF;BR;Km;Ano;Latitude;Longitude
SP;116;313,2;2023;-23,88814167;-46,97931944
;;;;;;Classes PNCT;;;;;;;
Mês;Sentido;Nº Dias;VMDm;(A) Ônibus/Caminhão de 2 eixos;(B) Ônibus/Caminhão de 3 eixos;(C) Caminhão de 4 eixos;(D) Caminhão de 5 eixos;(E) Caminhão de 6 eixos;(F) Caminhão de 7 eixos;(G) Caminhão de 8 eixos;(H) Caminhão de 9 eixos;(I) Passeio;(J) Motocicleta;(L) Indefinido
;C;25;13611;1268;1150;1136;795;1190;123;7;122;7292;341;187
;D;25;12712;979;959;952;677;1354;143;14;221;6944;243;226
Fevereiro;Total;25;26323;2247;2109;2088;1472;2544;266;21;343;14236;584;413
;C;28;13873;1325;1226;1240;869;1294;145;8;141;7040;376;209
;D;28;12882;1037;1032;1035;771;1499;163;15;248;6529;279;274
Março;Total;28;26755;2362;2258;2275;1640;2793;308;23;389;13569;655;483
;C;27;14775;1316;1198;1218;846;1298;144;9;139;8014;380;213
;D;27;10519;774;613;652;501;1023;118;12;178;6188;219;241
Abril;Total;27;25294;2090;1811;1870;1347;2321;262;21;317;14202;599;454
