﻿;;;;;;Variação do Volume Médio Mensal - VMDm;;;;;;;
UF;BR;Km;Ano;Latitude;Longitude
SC;101;144,7;2022;-27,079139;-48,6
;;;;;;Classes PNCT;;;;;;;
Mês;Sentido;Nº Dias;VMDm;(A) Ônibus/Caminhão de 2 eixos;(B) Ônibus/Caminhão de 3 eixos;(C) Caminhão de 4 eixos;(D) Caminhão de 5 eixos;(E) Caminhão de 6 eixos;(F) Caminhão de 7 eixos;(G) Caminhão de 8 eixos;(H) Caminhão de 9 eixos;(I) Passeio;(J) Motocicleta;(L) Indefinido
;C;30;36308;1990;1388;1117;601;1150;181;9;276;27619;1730;247
;D;30;35489;2021;1436;1168;556;1123;196;9;220;27184;1348;228
Novembro;Total;30;71797;4011;2824;2285;1157;2273;377;18;496;54803;3078;475
;C;29;39012;1799;1189;924;469;885;157;9;228;31416;1680;256
;D;29;35179;1813;1184;933;421;785;138;8;166;28234;1287;210
Dezembro;Total;29;74191;3612;2373;1857;890;1670;295;17;394;59650;2967;466
