﻿;;;;;;Variação do Volume Médio Mensal - VMDm;;;;;;;
UF;BR;Km;Ano;Latitude;Longitude
PR;116;21,6;2022;-25,107972;-48,743722
;;;;;;Classes PNCT;;;;;;;
Mês;Sentido;Nº Dias;VMDm;(A) Ônibus/Caminhão de 2 eixos;(B) Ônibus/Caminhão de 3 eixos;(C) Caminhão de 4 eixos;(D) Caminhão de 5 eixos;(E) Caminhão de 6 eixos;(F) Caminhão de 7 eixos;(G) Caminhão de 8 eixos;(H) Caminhão de 9 eixos;(I) Passeio;(J) Motocicleta;(L) Indefinido
;C;28;11325;802;1418;1493;1045;1714;181;12;277;4077;159;147
;D;28;11626;705;1370;1450;1066;2107;174;12;369;4067;151;155
Novembro;Total;28;22951;1507;2788;2943;2111;3821;355;24;646;8144;310;302
;C;29;12267;792;1274;1370;937;1486;156;10;214;5760;134;134
;D;29;11520;630;1109;1232;886;1745;146;11;288;5218;121;134
Dezembro;Total;29;23787;1422;2383;2602;1823;3231;302;21;502;10978;255;268
