﻿;;;;;;Variacao do Volume Medio Mensal - VMDm;;;;;;;
UF;BR;Km;Ano;Latitude;Longitude
SP;116;119.6;2025;-23.069039;-45.639861
;;;;;;Classes PNCT;;;;;;;
Mes;Sentido;N. Dias;VMDm;(A) Onibus/Cam de 2 eixos;(B) Onibus/Cam de 3 eixos;(C) Caminhao de 4 eixos;(D) Caminhao de 5 eixos;(E) Caminhao de 6 eixos;(F) Caminhao de 7 eixos;(G) Caminhao de 8 eixos;(H) Caminhao de 9 eixos;(I) Passeio;(J) Motocicleta;(L) Indefinido
;C;29;23883;1711;1424;1084;613;879;239;5;125;16417;1186;200
;D;29;25814;1565;1376;1019;658;1061;239;8;139;18398;1160;191
Marco;Total;29;49697;3276;2800;2103;1271;1940;478;13;264;34815;2346;391
;C;21;17528;769;404;274;146;180;55;3;23;14262;1251;161
;D;21;27488;1827;1416;1045;687;1127;280;8;162;19428;1324;184
Maio;Total;21;45016;2596;1820;1319;833;1307;335;11;185;33690;2575;345
