﻿;;;;;;Variação do Volume Médio Mensal - VMDm;;;;;;;
UF;BR;Km;Ano;Latitude;Longitude
SP;116;431,9;2022;-24,41488889;-47,75951667
;;;;;;Classes PNCT;;;;;;;
Mês;Sentido;Nº Dias;VMDm;(A) Ônibus/Caminhão de 2 eixos;(B) Ônibus/Caminhão de 3 eixos;(C) Caminhão de 4 eixos;(D) Caminhão de 5 eixos;(E) Caminhão de 6 eixos;(F) Caminhão de 7 eixos;(G) Caminhão de 8 eixos;(H) Caminhão de 9 eixos;(I) Passeio;(J) Motocicleta;(L) Indefinido
;C;29;13893;1268;1258;1341;885;1391;147;9;176;6985;221;212
;D;29;12297;1044;1060;1133;827;1350;126;14;185;6127;185;246
Dezembro;Total;29;26190;2312;2318;2474;1712;2741;273;23;361;13112;406;458
