﻿;;;;;;Variação do Volume Médio Mensal - VMDm;;;;;;;
UF;BR;Km;Ano;Latitude;Longitude
RJ;116;312,45;2021;-22,4692222;-44,5144444
;;;;;;Classes PNCT;;;;;;;
Mês;Sentido;Nº Dias;VMDm;(A) Ônibus/Caminhão de 2 eixos;(B) Ônibus/Caminhão de 3 eixos;(C) Caminhão de 4 eixos;(D) Caminhão de 5 eixos;(E) Caminhão de 6 eixos;(F) Caminhão de 7 eixos;(G) Caminhão de 8 eixos;(H) Caminhão de 9 eixos;(I) Passeio;(J) Motocicleta;(L) Indefinido
;C;24;18437;1656;1273;1265;662;1069;117;5;126;11783;363;118
;D;24;18240;1461;1229;1128;851;1315;115;4;150;11530;321;136
Outubro;Total;24;36677;3117;2502;2393;1513;2384;232;9;276;23313;684;254
;C;30;18253;1707;1283;1260;633;969;110;5;118;11640;412;116
;D;30;18453;1565;1304;1174;862;1299;116;4;144;11475;367;143
Novembro;Total;30;36706;3272;2587;2434;1495;2268;226;9;262;23115;779;259
