﻿;;;;;;Variacao do Volume Medio Mensal - VMDm;;;;;;;
UF;BR;Km;Ano;Latitude;Longitude
PR;376;645.85;2025;-25.831472;-49.113583
;;;;;;Classes PNCT;;;;;;;
Mes;Sentido;N. Dias;VMDm;(A) Onibus/Cam de 2 eixos;(B) Onibus/Cam de 3 eixos;(C) Caminhao de 4 eixos;(D) Caminhao de 5 eixos;(E) Caminhao de 6 eixos;(F) Caminhao de 7 eixos;(G) Caminhao de 8 eixos;(H) Caminhao de 9 eixos;(I) Passeio;(J) Motocicleta;(L) Indefinido
;C;30;16699;1133;1323;1246;737;1585;842;20;450;9111;188;64
;D;30;16687;1087;1386;1278;884;1593;596;12;355;9207;226;63
Junho;Total;30;33386;2220;2709;2524;1621;3178;1438;32;805;18318;414;127
