﻿;;;;;;Variação do Volume Médio Mensal - VMDm;;;;;;;
UF;BR;Km;Ano;Latitude;Longitude
SC;101;23,5;2022;-26,169889;-48,907389
;;;;;;Classes PNCT;;;;;;;
Mês;Sentido;Nº Dias;VMDm;(A) Ônibus/Caminhão de 2 eixos;(B) Ônibus/Caminhão de 3 eixos;(C) Caminhão de 4 eixos;(D) Caminhão de 5 eixos;(E) Caminhão de 6 eixos;(F) Caminhão de 7 eixos;(G) Caminhão de 8 eixos;(H) Caminhão de 9 eixos;(I) Passeio;(J) Motocicleta;(L) Indefinido
;C;30;18891;1137;1391;1245;766;1543;296;20;401;11483;373;236
;D;30;19248;1198;1360;1243;847;1502;257;12;408;11877;346;198
Novembro;Total;30;38139;2335;2751;2488;1613;3045;553;32;809;23360;719;434
;C;23;22757;1855;1265;1120;638;1279;288;15;346;15278;459;214
;D;23;19847;1002;1069;1030;699;1215;235;11;317;13639;437;193
Dezembro;Total;23;42604;2857;2334;2150;1337;2494;523;26;663;28917;896;407
