﻿;;;;;;Variação do Volume Médio Mensal - VMDm;;;;;;;
UF;BR;Km;Ano;Latitude;Longitude
RJ;116;259,7;2021;-22,588006;-44,091958
;;;;;;Classes PNCT;;;;;;;
Mês;Sentido;Nº Dias;VMDm;(A) Ônibus/Caminhão de 2 eixos;(B) Ônibus/Caminhão de 3 eixos;(C) Caminhão de 4 eixos;(D) Caminhão de 5 eixos;(E) Caminhão de 6 eixos;(F) Caminhão de 7 eixos;(G) Caminhão de 8 eixos;(H) Caminhão de 9 eixos;(I) Passeio;(J) Motocicleta;(L) Indefinido
;C;23;15232;1432;1286;1243;630;933;107;5;110;9176;202;108
;D;23;15165;1303;1189;1019;762;1167;133;9;147;9096;198;142
Outubro;Total;23;30397;2735;2475;2262;1392;2100;240;14;257;18272;400;250
;C;24;14297;1391;1213;1146;566;823;92;5;98;8647;213;103
;D;24;15170;1361;1199;1015;740;1137;138;7;130;9072;216;155
Novembro;Total;24;29467;2752;2412;2161;1306;1960;230;12;228;17719;429;258
