﻿;;;;;;Variação do Volume Médio Mensal - VMDm;;;;;;;
UF;BR;Km;Ano;Latitude;Longitude
SP;116;313,2;2024;-23,88814167;-46,97931944
;;;;;;Classes PNCT;;;;;;;
Mês;Sentido;Nº Dias;VMDm;(A) Ônibus/Caminhão de 2 eixos;(B) Ônibus/Caminhão de 3 eixos;(C) Caminhão de 4 eixos;(D) Caminhão de 5 eixos;(E) Caminhão de 6 eixos;(F) Caminhão de 7 eixos;(G) Caminhão de 8 eixos;(H) Caminhão de 9 eixos;(I) Passeio;(J) Motocicleta;(L) Indefinido
;C;25;13758;1760;1112;1121;767;1161;162;23;127;6784;396;345
;D;25;11418;1439;979;940;380;359;49;10;32;6842;167;221
Maio;Total;25;25176;3199;2091;2061;1147;1520;211;33;159;13626;563;566
;C;27;13807;1761;1231;1225;880;1317;156;10;147;6463;332;285
;D;27;10978;1409;954;871;394;354;51;10;30;6565;123;217
Julho;Total;27;24785;3170;2185;2096;1274;1671;207;20;177;13028;455;502
;C;22;13541;1695;1143;1170;813;1256;163;11;143;6482;378;287
;D;22;10398;1374;900;829;336;301;48;9;22;6197;166;216
Agosto;Total;22;23939;3069;2043;1999;1149;1557;211;20;165;12679;544;503
