﻿;;;;;;Variação do Volume Médio Mensal - VMDm;;;;;;;
UF;BR;Km;Ano;Latitude;Longitude
SP;116;431,9;2024;-24,41488889;-47,75951667
;;;;;;Classes PNCT;;;;;;;
Mês;Sentido;Nº Dias;VMDm;(A) Ônibus/Caminhão de 2 eixos;(B) Ônibus/Caminhão de 3 eixos;(C) Caminhão de 4 eixos;(D) Caminhão de 5 eixos;(E) Caminhão de 6 eixos;(F) Caminhão de 7 eixos;(G) Caminhão de 8 eixos;(H) Caminhão de 9 eixos;(I) Passeio;(J) Motocicleta;(L) Indefinido
;C;23;12240;1327;1188;1182;745;1189;135;8;128;5893;189;256
;D;23;13808;1429;1084;1115;797;1681;128;16;281;6715;222;340
Janeiro;Total;23;26048;2756;2272;2297;1542;2870;263;24;409;12608;411;596
;C;22;12674;1493;1377;1345;877;1391;149;10;151;5373;207;301
;D;22;13450;1490;1221;1265;897;1906;157;15;312;5546;259;382
Fevereiro;Total;22;26124;2983;2598;2610;1774;3297;306;25;463;10919;466;683
;C;29;12436;1435;1338;1314;890;1386;208;9;152;5208;224;272
;D;29;12376;1499;1196;1223;940;1903;227;15;335;4430;165;443
Agosto;Total;29;24812;2934;2534;2537;1830;3289;435;24;487;9638;389;715
